view	stratum	task_id	seeds	block_count	value_attacks	value_supports	gap_as
deepseek_seed0	correct	15	0	1	0	0	0
deepseek_seed0	correct	18	0	1	-0.044999999999999964	0.011250000000000013	-0.056249999999999981
deepseek_seed0	correct	27	0	1	0	0	0
deepseek_seed0	correct	29	0	1	0	0	0
deepseek_seed0	correct	30	0	1	0	0	0
deepseek_seed0	correct	31	0	1	0	0	0
deepseek_seed0	correct	34	0	1	0	0	0
deepseek_seed0	correct	35	0	1	0.21406249999999999	-0.35999999999999999	0.57406250000000003
deepseek_seed0	correct	43	0	1	-0.03125	0	-0.03125
deepseek_seed0	correct	47	0	1	0.033749999999999974	-0.34625000000000006	0.38
deepseek_seed0	correct	52	0	1	0	0	0
deepseek_seed0	correct	59	0	1	0	0	0
deepseek_seed0	correct	64	0	1	0	0.013750000000000005	-0.013750000000000005
deepseek_seed0	correct	65	0	1	0	0	0
deepseek_seed0	wrong	14	0	1	0.5	-0.625	1.125
deepseek_seed0	wrong	16	0	1	0.77625	0.15999999999999992	0.61625000000000008
deepseek_seed0	wrong	17	0	1	-0.20833333333333348	0.50624999999999987	-0.71458333333333335
deepseek_seed0	wrong	19	0	1	0.053750000000000013	0.053750000000000013	0
deepseek_seed0	wrong	20	0	1	0.33500000000000002	-1.0650000000000002	1.4000000000000001
deepseek_seed0	wrong	21	0	1	1.98	2	-0.019999999999999997
deepseek_seed0	wrong	22	0	1	1.8487499999999999	0.4574999999999998	1.3912500000000003
deepseek_seed0	wrong	23	0	1	-0.87	-0.4524999999999999	-0.41750000000000009
deepseek_seed0	wrong	25	0	1	0.25555555555555548	0.15305555555555542	0.10250000000000006
deepseek_seed0	wrong	26	0	1	0.6462500000000001	0.69000000000000017	-0.043750000000000067
deepseek_seed0	wrong	36	0	1	1.4112500000000001	1.1299999999999999	0.28125
deepseek_seed0	wrong	37	0	1	0.48374999999999985	-0.29000000000000009	0.77374999999999994
deepseek_seed0	wrong	38	0	1	0.21826388888888903	-0.094861111111110841	0.31312499999999988
deepseek_seed0	wrong	40	0	1	0.125	-0.65625	0.78125
deepseek_seed0	wrong	41	0	1	0.059999999999999984	-0.79999999999999993	0.85999999999999988
deepseek_seed0	wrong	42	0	1	-0.011250000000000012	0	-0.011250000000000012
deepseek_seed0	wrong	44	0	1	0.19500000000000006	-0.10125000000000001	0.29625000000000007
deepseek_seed0	wrong	46	0	1	0.31319444444444411	-0.16500000000000026	0.47819444444444437
deepseek_seed0	wrong	48	0	1	0	-0.59499999999999997	0.59499999999999997
deepseek_seed0	wrong	49	0	1	0.15375	0.093750000000000014	0.05999999999999997
deepseek_seed0	wrong	50	0	1	0.22222222222222224	0.22222222222222224	0
deepseek_seed0	wrong	51	0	1	2	0.14624999999999999	1.85375
deepseek_seed0	wrong	53	0	1	2	0.57750000000000012	1.4224999999999999
deepseek_seed0	wrong	55	0	1	0	0	0
deepseek_seed0	wrong	56	0	1	0.66000000000000014	0.53999999999999981	0.12000000000000033
deepseek_seed0	wrong	57	0	1	0.13124999999999987	-0.28499999999999992	0.41624999999999979
deepseek_seed0	wrong	58	0	1	0.30874999999999997	-0.95125000000000004	1.26
deepseek_seed0	wrong	60	0	1	0.064826388888888808	-1.1361111111111113	1.2009375
deepseek_seed0	wrong	61	0	1	0	-0.14879999999999982	0.14879999999999982
deepseek_seed0	wrong	62	0	1	0.017916666666666692	0.18666666666666654	-0.16874999999999984
deepseek_seed0	wrong	63	0	1	0	-0.47500000000000009	0.47500000000000009
deepseek_seed1	correct	15	1	1	0	-0.0037500000000000046	0.0037500000000000046
deepseek_seed1	correct	18	1	1	-0.0037500000000000046	-0.059999999999999984	0.056249999999999981
deepseek_seed1	correct	27	1	1	0	0	0
deepseek_seed1	correct	29	1	1	0	0	0
deepseek_seed1	correct	30	1	1	0.77333333333333343	0.88888888888888895	-0.11555555555555552
deepseek_seed1	correct	31	1	1	0	0	0
deepseek_seed1	correct	34	1	1	0	0	0
deepseek_seed1	correct	35	1	1	-0.20000000000000001	-0.41375000000000006	0.21375000000000005
deepseek_seed1	correct	41	1	1	0.0037500000000000046	0.0037500000000000046	0
deepseek_seed1	correct	42	1	1	0	0	0
deepseek_seed1	correct	43	1	1	0	0	0
deepseek_seed1	correct	47	1	1	-0.22500000000000014	-0.55125000000000002	0.32624999999999982
deepseek_seed1	correct	49	1	1	0.014999999999999996	-0.72000000000000008	0.7350000000000001
deepseek_seed1	correct	52	1	1	0	0	0
deepseek_seed1	correct	64	1	1	0	-0.010937500000000003	0.010937500000000003
deepseek_seed1	correct	65	1	1	0	0	0
deepseek_seed1	wrong	14	1	1	1.125	0	1.125
deepseek_seed1	wrong	16	1	1	0.29999999999999993	-1.0612499999999998	1.3612499999999996
deepseek_seed1	wrong	17	1	1	0.62	0.39031250000000001	0.22968749999999996
deepseek_seed1	wrong	19	1	1	0.15500000000000003	0.15500000000000003	0
deepseek_seed1	wrong	20	1	1	0.45875000000000005	-0.38624999999999987	0.84499999999999997
deepseek_seed1	wrong	21	1	1	0	0	0
deepseek_seed1	wrong	22	1	1	1.35375	-0.041250000000000009	1.395
deepseek_seed1	wrong	23	1	1	-0.011250000000000012	-0.0087499999999999939	-0.0025000000000000178
deepseek_seed1	wrong	25	1	1	0.16375000000000006	0.16000000000000006	0.0037500000000000046
deepseek_seed1	wrong	26	1	1	0.56000000000000016	-1.095	1.655
deepseek_seed1	wrong	36	1	1	1.7834375000000002	-0.21656249999999977	2
deepseek_seed1	wrong	37	1	1	0.02375	-0.28500000000000003	0.30875000000000002
deepseek_seed1	wrong	38	1	1	2	0.51374999999999993	1.4862500000000001
deepseek_seed1	wrong	40	1	1	2	0	2
deepseek_seed1	wrong	44	1	1	0.14000000000000004	-0.53625	0.67625000000000002
deepseek_seed1	wrong	46	1	1	0.91874999999999973	-0.6262500000000002	1.5449999999999999
deepseek_seed1	wrong	48	1	1	0	0.074999999999999845	-0.074999999999999845
deepseek_seed1	wrong	50	1	1	0	0	0
deepseek_seed1	wrong	51	1	1	0.69500000000000006	-0.91374999999999973	1.6087499999999997
deepseek_seed1	wrong	53	1	1	2	0.375	1.625
deepseek_seed1	wrong	55	1	1	0.47625000000000001	0.47125	0.0050000000000000044
deepseek_seed1	wrong	56	1	1	-0.45999999999999996	-0.81374999999999997	0.35375000000000001
deepseek_seed1	wrong	57	1	1	-0.13875000000000015	-0.28500000000000014	0.14624999999999999
deepseek_seed1	wrong	58	1	1	0.85999999999999988	-0.015000000000000124	0.875
deepseek_seed1	wrong	59	1	1	0	0	0
deepseek_seed1	wrong	61	1	1	0	-0.20594999999999986	0.20594999999999986
deepseek_seed1	wrong	62	1	1	0.23999999999999996	-0.66000000000000003	0.90000000000000002
deepseek_seed1	wrong	63	1	1	0.19499999999999973	0.0562499999999998	0.13874999999999993
deepseek_pooled	correct	15	0,1	2	0	-0.0018750000000000023	0.0018750000000000023
deepseek_pooled	correct	18	0,1	2	-0.024374999999999983	-0.024374999999999987	0
deepseek_pooled	correct	27	0,1	2	0	0	0
deepseek_pooled	correct	29	0,1	2	0	0	0
deepseek_pooled	correct	30	0,1	2	0.38666666666666671	0.44444444444444448	-0.057777777777777761
deepseek_pooled	correct	31	0,1	2	0	0	0
deepseek_pooled	correct	34	0,1	2	0	0	0
deepseek_pooled	correct	35	0,1	2	0.0070312499999999889	-0.38687500000000002	0.39390625000000001
deepseek_pooled	correct	41	1	1	0.0037500000000000046	0.0037500000000000046	0
deepseek_pooled	correct	42	1	1	0	0	0
deepseek_pooled	correct	43	0,1	2	-0.015625	0	-0.015625
deepseek_pooled	correct	47	0,1	2	-0.095625000000000085	-0.44875000000000004	0.35312499999999991
deepseek_pooled	correct	49	1	1	0.014999999999999996	-0.72000000000000008	0.7350000000000001
deepseek_pooled	correct	52	0,1	2	0	0	0
deepseek_pooled	correct	59	0	1	0	0	0
deepseek_pooled	correct	64	0,1	2	0	0.0014062500000000012	-0.0014062500000000012
deepseek_pooled	correct	65	0,1	2	0	0	0
deepseek_pooled	wrong	14	0,1	2	0.8125	-0.3125	1.125
deepseek_pooled	wrong	16	0,1	2	0.53812499999999996	-0.45062499999999994	0.9887499999999998
deepseek_pooled	wrong	17	0,1	2	0.20583333333333326	0.44828124999999996	-0.24244791666666671
deepseek_pooled	wrong	19	0,1	2	0.10437500000000002	0.10437500000000002	0
deepseek_pooled	wrong	20	0,1	2	0.39687500000000003	-0.72562499999999996	1.1225000000000001
deepseek_pooled	wrong	21	0,1	2	0.98999999999999999	1	-0.0099999999999999985
deepseek_pooled	wrong	22	0,1	2	1.6012499999999998	0.20812499999999989	1.3931250000000002
deepseek_pooled	wrong	23	0,1	2	-0.44062499999999999	-0.23062499999999994	-0.21000000000000005
deepseek_pooled	wrong	25	0,1	2	0.20965277777777777	0.15652777777777774	0.053125000000000033
deepseek_pooled	wrong	26	0,1	2	0.60312500000000013	-0.2024999999999999	0.80562500000000004
deepseek_pooled	wrong	36	0,1	2	1.5973437500000003	0.45671875000000006	1.140625
deepseek_pooled	wrong	37	0,1	2	0.25374999999999992	-0.28750000000000009	0.54125000000000001
deepseek_pooled	wrong	38	0,1	2	1.1091319444444445	0.20944444444444454	0.89968749999999997
deepseek_pooled	wrong	40	0,1	2	1.0625	-0.328125	1.390625
deepseek_pooled	wrong	41	0	1	0.059999999999999984	-0.79999999999999993	0.85999999999999988
deepseek_pooled	wrong	42	0	1	-0.011250000000000012	0	-0.011250000000000012
deepseek_pooled	wrong	44	0,1	2	0.16750000000000004	-0.31874999999999998	0.48625000000000007
deepseek_pooled	wrong	46	0,1	2	0.61597222222222192	-0.39562500000000023	1.011597222222222
deepseek_pooled	wrong	48	0,1	2	0	-0.26000000000000006	0.26000000000000006
deepseek_pooled	wrong	49	0	1	0.15375	0.093750000000000014	0.05999999999999997
deepseek_pooled	wrong	50	0,1	2	0.11111111111111112	0.11111111111111112	0
deepseek_pooled	wrong	51	0,1	2	1.3475000000000001	-0.38374999999999987	1.7312499999999997
deepseek_pooled	wrong	53	0,1	2	2	0.47625000000000006	1.5237499999999999
deepseek_pooled	wrong	55	0,1	2	0.238125	0.235625	0.0025000000000000022
deepseek_pooled	wrong	56	0,1	2	0.10000000000000009	-0.13687500000000008	0.23687500000000017
deepseek_pooled	wrong	57	0,1	2	-0.0037500000000001421	-0.28500000000000003	0.28124999999999989
deepseek_pooled	wrong	58	0,1	2	0.58437499999999987	-0.48312500000000008	1.0674999999999999
deepseek_pooled	wrong	59	1	1	0	0	0
deepseek_pooled	wrong	60	0	1	0.064826388888888808	-1.1361111111111113	1.2009375
deepseek_pooled	wrong	61	0,1	2	0	-0.17737499999999984	0.17737499999999984
deepseek_pooled	wrong	62	0,1	2	0.12895833333333334	-0.23666666666666675	0.36562500000000009
deepseek_pooled	wrong	63	0,1	2	0.097499999999999865	-0.20937500000000014	0.30687500000000001
glm_seed2	correct	16	2	1	-0.033749999999999974	0	-0.033749999999999974
glm_seed2	correct	18	2	1	0	-0.11625000000000008	0.11625000000000008
glm_seed2	correct	27	2	1	0.0037500000000000046	0.0037500000000000046	0
glm_seed2	correct	29	2	1	2	0	2
glm_seed2	correct	30	2	1	0.3888888888888889	0.38222222222222224	0.0066666666666666801
glm_seed2	correct	34	2	1	0.12722222222222221	-0.26166666666666671	0.3888888888888889
glm_seed2	correct	37	2	1	0.11624999999999995	0.021249999999999949	0.095000000000000001
glm_seed2	correct	41	2	1	0.011250000000000013	-0.245	0.25624999999999998
glm_seed2	correct	42	2	1	0.14625000000000002	0.13125000000000001	0.015000000000000019
glm_seed2	correct	43	2	1	0.59375	0	0.59375
glm_seed2	correct	52	2	1	0.4921875	-0.08812500000000012	0.58031250000000012
glm_seed2	correct	65	2	1	0	0	0
glm_seed2	wrong	15	2	1	0.81500000000000006	0	0.81500000000000006
glm_seed2	wrong	17	2	1	0.92531249999999987	0.89531249999999984	0.029999999999999978
glm_seed2	wrong	19	2	1	0.87	0.875	-0.0050000000000000044
glm_seed2	wrong	20	2	1	1.05125	-0.033750000000000169	1.0850000000000002
glm_seed2	wrong	21	2	1	0.81500000000000006	0.81500000000000006	0
glm_seed2	wrong	22	2	1	0.37124999999999997	-1.0850000000000002	1.4562500000000003
glm_seed2	wrong	23	2	1	1.5762500000000002	0.58406250000000015	0.9921875
glm_seed2	wrong	25	2	1	0.40406249999999999	0.40406249999999999	0
glm_seed2	wrong	26	2	1	1.2012500000000002	0.50156250000000024	0.69968749999999991
glm_seed2	wrong	31	2	1	0.9921875	0.54937499999999995	0.4428125
glm_seed2	wrong	35	2	1	0.8450000000000002	-0.0062499999999996447	0.85124999999999984
glm_seed2	wrong	36	2	1	0.85999999999999999	0	0.85999999999999999
glm_seed2	wrong	40	2	1	2	0	2
glm_seed2	wrong	44	2	1	1.4887499999999998	0.25499999999999967	1.2337500000000001
glm_seed2	wrong	46	2	1	0.45512520874999995	0.45512520874999995	0
glm_seed2	wrong	47	2	1	-0.15500000000000025	1.0799999999999996	-1.2349999999999999
glm_seed2	wrong	48	2	1	-0.022812499999999902	0.9787499999999999	-1.0015624999999997
glm_seed2	wrong	49	2	1	0.4921875	0	0.4921875
glm_seed2	wrong	50	2	1	0.68000000000000016	0.6000000000000002	0.080000000000000029
glm_seed2	wrong	51	2	1	0.42624999999999991	0.11593749999999992	0.31031249999999999
glm_seed2	wrong	55	2	1	0.5234375	0.21875	0.3046875
glm_seed2	wrong	56	2	1	0.7228125000000003	-0.1784374999999998	0.90125000000000011
glm_seed2	wrong	57	2	1	0	0.029849999999999932	-0.029849999999999932
glm_seed2	wrong	58	2	1	0.87031250000000004	0.64250000000000007	0.22781249999999997
glm_seed2	wrong	59	2	1	1.125	0	1.125
glm_seed2	wrong	60	2	1	-0.046249999999999902	0.42749999999999999	-0.47374999999999989
glm_seed2	wrong	62	2	1	0.41624999999999995	0.08500000000000002	0.33124999999999993
glm_seed2	wrong	63	2	1	0	0	0
glm_seed2	wrong	64	2	1	1.1200000000000001	0.80500000000000016	0.31499999999999995
